Dimension, Obstacles, Seed, Algorithm, Time, Nodes Expanded, Plan Length, Error, Plan, Env
4x4, 0, 3735929054, bfs, 0.72, 88, 7, None, MoveF_MoveF_MoveF_MoveF_MoveF_MoveF_MoveF, canWorld
4x4, 0, 3735929054, ucs, 0.35, 51, 7, None, MoveF_MoveF_MoveF_MoveF_MoveF_MoveF_MoveF, canWorld
4x4, 0, 3735929054, gbfs, 0.05, 7, 7, None, MoveF_MoveF_MoveF_MoveF_MoveF_MoveF_MoveF, canWorld
4x4, 0, 3735929054, astar, 0.11, 16, 7, None, MoveF_MoveF_MoveF_MoveF_MoveF_MoveF_MoveF, canWorld
4x4, 0, 3735929054, custom-astar, 0.10, 16, 7, None, MoveF_MoveF_MoveF_MoveF_MoveF_MoveF_MoveF, canWorld
4x4, 0, 195936467, bfs, 0.86, 77, 7, None, MoveF_TurnCCW_MoveF_MoveF_MoveF_MoveF_MoveF, canWorld
4x4, 0, 195936467, ucs, 0.69, 69, 7, None, MoveF_TurnCCW_MoveF_MoveF_MoveF_MoveF_MoveF, canWorld
4x4, 0, 195936467, gbfs, 0.06, 8, 7, None, MoveF_TurnCCW_MoveF_MoveF_MoveF_MoveF_MoveF, canWorld
4x4, 0, 195936467, astar, 0.20, 30, 7, None, MoveF_TurnCCW_MoveF_MoveF_MoveF_MoveF_MoveF, canWorld
4x4, 0, 195936467, custom-astar, 0.22, 32, 7, None, MoveF_TurnCCW_MoveF_MoveF_MoveF_MoveF_MoveF, canWorld
4x4, 0, 20493, bfs, 1.68, 209, 11, None, MoveF_MoveF_MoveF_TurnCCW_MoveF_MoveF_MoveF_MoveF_MoveF_MoveF_MoveF, canWorld
4x4, 0, 20493, ucs, 1.38, 187, 11, None, MoveF_MoveF_MoveF_TurnCCW_MoveF_MoveF_MoveF_MoveF_MoveF_MoveF_MoveF, canWorld
4x4, 0, 20493, gbfs, 0.09, 12, 11, None, MoveF_MoveF_MoveF_TurnCCW_MoveF_MoveF_MoveF_MoveF_MoveF_MoveF_MoveF, canWorld
4x4, 0, 20493, astar, 0.63, 96, 11, None, MoveF_MoveF_MoveF_TurnCCW_MoveF_MoveF_MoveF_MoveF_MoveF_MoveF_MoveF, canWorld
4x4, 0, 20493, custom-astar, 0.67, 100, 11, None, MoveF_MoveF_MoveF_TurnCCW_MoveF_MoveF_MoveF_MoveF_MoveF_MoveF_MoveF, canWorld
4x4, 4, 3735929054, bfs, 1.38, 171, 10, None, MoveF_MoveF_MoveF_MoveF_MoveF_MoveF_MoveF_TurnCCW_MoveF_MoveF, canWorld
4x4, 4, 3735929054, ucs, 1.05, 143, 10, None, MoveF_MoveF_MoveF_MoveF_MoveF_MoveF_MoveF_TurnCCW_MoveF_MoveF, canWorld
4x4, 4, 3735929054, gbfs, 0.08, 11, 10, None, MoveF_MoveF_MoveF_MoveF_MoveF_MoveF_MoveF_TurnCCW_MoveF_MoveF, canWorld
4x4, 4, 3735929054, astar, 0.51, 75, 10, None, MoveF_MoveF_MoveF_MoveF_MoveF_MoveF_MoveF_TurnCCW_MoveF_MoveF, canWorld
4x4, 4, 3735929054, custom-astar, 0.50, 76, 10, None, MoveF_MoveF_MoveF_MoveF_MoveF_MoveF_MoveF_TurnCCW_MoveF_MoveF, canWorld
4x4, 4, 195936467, bfs, 1.08, 138, 10, None, MoveF_TurnCCW_MoveF_MoveF_MoveF_MoveF_MoveF_MoveF_MoveF_MoveF, canWorld
4x4, 4, 195936467, ucs, 0.70, 98, 10, None, MoveF_TurnCCW_MoveF_MoveF_MoveF_MoveF_MoveF_MoveF_MoveF_MoveF, canWorld
4x4, 4, 195936467, gbfs, 0.07, 11, 10, None, MoveF_TurnCCW_MoveF_MoveF_MoveF_MoveF_MoveF_MoveF_MoveF_MoveF, canWorld
4x4, 4, 195936467, astar, 0.37, 53, 10, None, MoveF_TurnCCW_MoveF_MoveF_MoveF_MoveF_MoveF_MoveF_MoveF_MoveF, canWorld
4x4, 4, 195936467, custom-astar, 0.38, 53, 10, None, MoveF_TurnCCW_MoveF_MoveF_MoveF_MoveF_MoveF_MoveF_MoveF_MoveF, canWorld
4x4, 4, 20493, bfs, 4.38, 527, 17, None, MoveF_MoveF_MoveF_MoveF_MoveF_MoveF_MoveF_MoveF_TurnCCW_MoveF_MoveF_MoveF_MoveF_MoveF_MoveF_MoveF_MoveF, canWorld
4x4, 4, 20493, ucs, 3.73, 476, 17, None, MoveF_MoveF_MoveF_MoveF_MoveF_MoveF_MoveF_MoveF_TurnCCW_MoveF_MoveF_MoveF_MoveF_MoveF_MoveF_MoveF_MoveF, canWorld
4x4, 4, 20493, gbfs, 0.11, 18, 17, None, MoveF_MoveF_MoveF_MoveF_MoveF_MoveF_MoveF_MoveF_TurnCCW_MoveF_MoveF_MoveF_MoveF_MoveF_MoveF_MoveF_MoveF, canWorld
4x4, 4, 20493, astar, 2.04, 287, 17, None, MoveF_MoveF_MoveF_MoveF_MoveF_MoveF_MoveF_MoveF_TurnCCW_MoveF_MoveF_MoveF_MoveF_MoveF_MoveF_MoveF_MoveF, canWorld
4x4, 4, 20493, custom-astar, 2.20, 296, 17, None, MoveF_MoveF_MoveF_MoveF_MoveF_MoveF_MoveF_MoveF_TurnCCW_MoveF_MoveF_MoveF_MoveF_MoveF_MoveF_MoveF_MoveF, canWorld
8x8, 0, 3735929054, bfs, 14.79, 1717, 30, None, MoveF_MoveF_MoveF_MoveF_MoveF_MoveF_MoveF_MoveF_MoveF_MoveF_MoveF_MoveF_MoveF_MoveF_MoveF_MoveF_TurnCCW_MoveF_MoveF_MoveF_MoveF_MoveF_MoveF_MoveF_MoveF_MoveF_MoveF_MoveF_MoveF_MoveF, canWorld
8x8, 0, 3735929054, ucs, 13.45, 1618, 30, None, MoveF_MoveF_MoveF_MoveF_MoveF_MoveF_MoveF_MoveF_MoveF_MoveF_MoveF_MoveF_MoveF_MoveF_MoveF_MoveF_TurnCCW_MoveF_MoveF_MoveF_MoveF_MoveF_MoveF_MoveF_MoveF_MoveF_MoveF_MoveF_MoveF_MoveF, canWorld
8x8, 0, 3735929054, gbfs, 0.20, 31, 30, None, MoveF_MoveF_MoveF_MoveF_MoveF_MoveF_MoveF_MoveF_MoveF_MoveF_MoveF_MoveF_MoveF_MoveF_MoveF_MoveF_TurnCCW_MoveF_MoveF_MoveF_MoveF_MoveF_MoveF_MoveF_MoveF_MoveF_MoveF_MoveF_MoveF_MoveF, canWorld
8x8, 0, 3735929054, astar, 8.56, 1046, 30, None, MoveF_MoveF_MoveF_MoveF_MoveF_MoveF_MoveF_MoveF_MoveF_MoveF_MoveF_MoveF_MoveF_MoveF_MoveF_MoveF_TurnCCW_MoveF_MoveF_MoveF_MoveF_MoveF_MoveF_MoveF_MoveF_MoveF_MoveF_MoveF_MoveF_MoveF, canWorld
8x8, 0, 3735929054, custom-astar, 8.71, 1080, 30, None, MoveF_MoveF_MoveF_MoveF_MoveF_MoveF_MoveF_MoveF_MoveF_MoveF_MoveF_MoveF_MoveF_MoveF_MoveF_MoveF_TurnCCW_MoveF_MoveF_MoveF_MoveF_MoveF_MoveF_MoveF_MoveF_MoveF_MoveF_MoveF_MoveF_MoveF, canWorld
8x8, 0, 195936467, bfs, 0.61, 77, 7, None, MoveF_TurnCCW_MoveF_MoveF_MoveF_MoveF_MoveF, canWorld
8x8, 0, 195936467, ucs, 0.48, 69, 7, None, MoveF_TurnCCW_MoveF_MoveF_MoveF_MoveF_MoveF, canWorld
8x8, 0, 195936467, gbfs, 0.05, 8, 7, None, MoveF_TurnCCW_MoveF_MoveF_MoveF_MoveF_MoveF, canWorld
8x8, 0, 195936467, astar, 0.20, 30, 7, None, MoveF_TurnCCW_MoveF_MoveF_MoveF_MoveF_MoveF, canWorld
8x8, 0, 195936467, custom-astar, 0.20, 32, 7, None, MoveF_TurnCCW_MoveF_MoveF_MoveF_MoveF_MoveF, canWorld
8x8, 0, 20493, bfs, 1.70, 209, 11, None, MoveF_MoveF_MoveF_TurnCCW_MoveF_MoveF_MoveF_MoveF_MoveF_MoveF_MoveF, canWorld
8x8, 0, 20493, ucs, 1.37, 187, 11, None, MoveF_MoveF_MoveF_TurnCCW_MoveF_MoveF_MoveF_MoveF_MoveF_MoveF_MoveF, canWorld
8x8, 0, 20493, gbfs, 0.08, 12, 11, None, MoveF_MoveF_MoveF_TurnCCW_MoveF_MoveF_MoveF_MoveF_MoveF_MoveF_MoveF, canWorld
8x8, 0, 20493, astar, 0.62, 96, 11, None, MoveF_MoveF_MoveF_TurnCCW_MoveF_MoveF_MoveF_MoveF_MoveF_MoveF_MoveF, canWorld
8x8, 0, 20493, custom-astar, 0.67, 100, 11, None, MoveF_MoveF_MoveF_TurnCCW_MoveF_MoveF_MoveF_MoveF_MoveF_MoveF_MoveF, canWorld
8x8, 14, 3735929054, bfs, 1.93, 237, 12, None, TurnCCW_MoveF_MoveF_MoveF_MoveF_MoveF_MoveF_MoveF_MoveF_MoveF_TurnCW_MoveF, canWorld
8x8, 14, 3735929054, ucs, 2.05, 248, 12, None, TurnCCW_MoveF_MoveF_MoveF_MoveF_MoveF_MoveF_MoveF_MoveF_MoveF_TurnCW_MoveF, canWorld
8x8, 14, 3735929054, gbfs, 0.18, 25, 16, None, MoveF_TurnCCW_MoveF_MoveF_MoveF_MoveF_TurnCW_MoveF_TurnCCW_MoveF_MoveF_MoveF_MoveF_MoveF_TurnCCW_MoveF, canWorld
8x8, 14, 3735929054, astar, 0.82, 115, 12, None, TurnCCW_MoveF_MoveF_MoveF_MoveF_MoveF_MoveF_MoveF_MoveF_MoveF_TurnCW_MoveF, canWorld
8x8, 14, 3735929054, custom-astar, 0.87, 126, 12, None, TurnCCW_MoveF_MoveF_MoveF_MoveF_MoveF_MoveF_MoveF_MoveF_MoveF_TurnCW_MoveF, canWorld
8x8, 14, 195936467, bfs, 21.66, 1575, 29, None, MoveF_MoveF_MoveF_MoveF_MoveF_MoveF_MoveF_MoveF_MoveF_MoveF_MoveF_MoveF_MoveF_TurnCCW_MoveF_MoveF_MoveF_MoveF_MoveF_MoveF_MoveF_MoveF_MoveF_MoveF_MoveF_MoveF_MoveF_MoveF_MoveF, canWorld
8x8, 14, 195936467, ucs, 32.67, 1480, 29, None, MoveF_MoveF_MoveF_MoveF_MoveF_MoveF_MoveF_MoveF_MoveF_MoveF_MoveF_MoveF_MoveF_TurnCCW_MoveF_MoveF_MoveF_MoveF_MoveF_MoveF_MoveF_MoveF_MoveF_MoveF_MoveF_MoveF_MoveF_MoveF_MoveF, canWorld
8x8, 14, 195936467, gbfs, 0.46, 30, 29, None, MoveF_MoveF_MoveF_MoveF_MoveF_MoveF_MoveF_MoveF_MoveF_MoveF_MoveF_MoveF_MoveF_TurnCCW_MoveF_MoveF_MoveF_MoveF_MoveF_MoveF_MoveF_MoveF_MoveF_MoveF_MoveF_MoveF_MoveF_MoveF_MoveF, canWorld
8x8, 14, 195936467, astar, 10.84, 959, 29, None, MoveF_MoveF_MoveF_MoveF_MoveF_MoveF_MoveF_MoveF_MoveF_MoveF_MoveF_MoveF_MoveF_TurnCCW_MoveF_MoveF_MoveF_MoveF_MoveF_MoveF_MoveF_MoveF_MoveF_MoveF_MoveF_MoveF_MoveF_MoveF_MoveF, canWorld
8x8, 14, 195936467, custom-astar, 12.16, 986, 29, None, MoveF_MoveF_MoveF_MoveF_MoveF_MoveF_MoveF_MoveF_MoveF_MoveF_MoveF_MoveF_MoveF_TurnCCW_MoveF_MoveF_MoveF_MoveF_MoveF_MoveF_MoveF_MoveF_MoveF_MoveF_MoveF_MoveF_MoveF_MoveF_MoveF, canWorld
8x8, 14, 20493, bfs, 5.24, 559, 18, None, TurnCCW_MoveF_MoveF_MoveF_MoveF_MoveF_MoveF_MoveF_MoveF_MoveF_MoveF_MoveF_MoveF_MoveF_MoveF_MoveF_TurnCW_MoveF, canWorld
8x8, 14, 20493, ucs, 5.65, 575, 18, None, TurnCCW_MoveF_MoveF_MoveF_MoveF_MoveF_MoveF_MoveF_MoveF_MoveF_MoveF_MoveF_MoveF_MoveF_MoveF_MoveF_TurnCW_MoveF, canWorld
8x8, 14, 20493, gbfs, 0.27, 30, 22, None, MoveF_TurnCCW_MoveF_MoveF_MoveF_MoveF_MoveF_MoveF_MoveF_MoveF_MoveF_MoveF_TurnCW_MoveF_TurnCCW_MoveF_MoveF_MoveF_MoveF_MoveF_TurnCCW_MoveF, canWorld
8x8, 14, 20493, astar, 2.97, 240, 18, None, TurnCCW_MoveF_MoveF_MoveF_MoveF_MoveF_MoveF_MoveF_MoveF_MoveF_MoveF_MoveF_MoveF_MoveF_MoveF_MoveF_TurnCW_MoveF, canWorld
8x8, 14, 20493, custom-astar, 4.35, 269, 18, None, TurnCCW_MoveF_MoveF_MoveF_MoveF_MoveF_MoveF_MoveF_MoveF_MoveF_MoveF_MoveF_MoveF_MoveF_MoveF_MoveF_TurnCW_MoveF, canWorld
12x12, 0, 3735929054, bfs, 46.57, 3091, 40, None, MoveF_MoveF_MoveF_MoveF_MoveF_MoveF_MoveF_MoveF_MoveF_MoveF_MoveF_MoveF_MoveF_MoveF_MoveF_MoveF_MoveF_MoveF_MoveF_MoveF_MoveF_MoveF_MoveF_TurnCCW_MoveF_MoveF_MoveF_MoveF_MoveF_MoveF_MoveF_MoveF_MoveF_MoveF_MoveF_MoveF_MoveF_MoveF_MoveF_MoveF, canWorld
12x12, 0, 3735929054, ucs, 42.92, 2951, 40, None, MoveF_MoveF_MoveF_MoveF_MoveF_MoveF_MoveF_MoveF_MoveF_MoveF_MoveF_MoveF_MoveF_MoveF_MoveF_MoveF_MoveF_MoveF_MoveF_MoveF_MoveF_MoveF_MoveF_TurnCCW_MoveF_MoveF_MoveF_MoveF_MoveF_MoveF_MoveF_MoveF_MoveF_MoveF_MoveF_MoveF_MoveF_MoveF_MoveF_MoveF, canWorld
12x12, 0, 3735929054, gbfs, 0.49, 41, 40, None, MoveF_MoveF_MoveF_MoveF_MoveF_MoveF_MoveF_MoveF_MoveF_MoveF_MoveF_MoveF_MoveF_MoveF_MoveF_MoveF_MoveF_MoveF_MoveF_MoveF_MoveF_MoveF_MoveF_TurnCCW_MoveF_MoveF_MoveF_MoveF_MoveF_MoveF_MoveF_MoveF_MoveF_MoveF_MoveF_MoveF_MoveF_MoveF_MoveF_MoveF, canWorld
12x12, 0, 3735929054, astar, 29.99, 1906, 40, None, MoveF_MoveF_MoveF_MoveF_MoveF_MoveF_MoveF_MoveF_MoveF_MoveF_MoveF_MoveF_MoveF_MoveF_MoveF_MoveF_MoveF_MoveF_MoveF_MoveF_MoveF_MoveF_MoveF_TurnCCW_MoveF_MoveF_MoveF_MoveF_MoveF_MoveF_MoveF_MoveF_MoveF_MoveF_MoveF_MoveF_MoveF_MoveF_MoveF_MoveF, canWorld
12x12, 0, 3735929054, custom-astar, 28.84, 1980, 40, None, MoveF_MoveF_MoveF_MoveF_MoveF_MoveF_MoveF_MoveF_MoveF_MoveF_MoveF_MoveF_MoveF_MoveF_MoveF_MoveF_MoveF_MoveF_MoveF_MoveF_MoveF_MoveF_MoveF_TurnCCW_MoveF_MoveF_MoveF_MoveF_MoveF_MoveF_MoveF_MoveF_MoveF_MoveF_MoveF_MoveF_MoveF_MoveF_MoveF_MoveF, canWorld
12x12, 0, 195936467, bfs, 1.00, 77, 7, None, MoveF_TurnCCW_MoveF_MoveF_MoveF_MoveF_MoveF, canWorld
12x12, 0, 195936467, ucs, 0.81, 69, 7, None, MoveF_TurnCCW_MoveF_MoveF_MoveF_MoveF_MoveF, canWorld
12x12, 0, 195936467, gbfs, 0.11, 8, 7, None, MoveF_TurnCCW_MoveF_MoveF_MoveF_MoveF_MoveF, canWorld
12x12, 0, 195936467, astar, 0.32, 30, 7, None, MoveF_TurnCCW_MoveF_MoveF_MoveF_MoveF_MoveF, canWorld
12x12, 0, 195936467, custom-astar, 0.37, 32, 7, None, MoveF_TurnCCW_MoveF_MoveF_MoveF_MoveF_MoveF, canWorld
12x12, 0, 20493, bfs, 1.80, 209, 11, None, MoveF_MoveF_MoveF_TurnCCW_MoveF_MoveF_MoveF_MoveF_MoveF_MoveF_MoveF, canWorld
12x12, 0, 20493, ucs, 1.53, 187, 11, None, MoveF_MoveF_MoveF_TurnCCW_MoveF_MoveF_MoveF_MoveF_MoveF_MoveF_MoveF, canWorld
12x12, 0, 20493, gbfs, 0.08, 12, 11, None, MoveF_MoveF_MoveF_TurnCCW_MoveF_MoveF_MoveF_MoveF_MoveF_MoveF_MoveF, canWorld
12x12, 0, 20493, astar, 0.68, 96, 11, None, MoveF_MoveF_MoveF_TurnCCW_MoveF_MoveF_MoveF_MoveF_MoveF_MoveF_MoveF, canWorld
12x12, 0, 20493, custom-astar, 0.72, 100, 11, None, MoveF_MoveF_MoveF_TurnCCW_MoveF_MoveF_MoveF_MoveF_MoveF_MoveF_MoveF, canWorld
12x12, 31, 3735929054, bfs, 9.58, 1054, 24, None, MoveF_MoveF_MoveF_MoveF_MoveF_MoveF_TurnCCW_MoveF_MoveF_MoveF_MoveF_MoveF_MoveF_MoveF_MoveF_MoveF_MoveF_MoveF_MoveF_MoveF_MoveF_MoveF_MoveF_MoveF, canWorld
12x12, 31, 3735929054, ucs, 9.11, 987, 24, None, MoveF_MoveF_MoveF_MoveF_MoveF_MoveF_TurnCCW_MoveF_MoveF_MoveF_MoveF_MoveF_MoveF_MoveF_MoveF_MoveF_MoveF_MoveF_MoveF_MoveF_MoveF_MoveF_MoveF_MoveF, canWorld
12x12, 31, 3735929054, gbfs, 0.19, 25, 24, None, MoveF_MoveF_MoveF_MoveF_MoveF_MoveF_TurnCCW_MoveF_MoveF_MoveF_MoveF_MoveF_MoveF_MoveF_MoveF_MoveF_MoveF_MoveF_MoveF_MoveF_MoveF_MoveF_MoveF_MoveF, canWorld
12x12, 31, 3735929054, astar, 4.56, 546, 24, None, MoveF_MoveF_MoveF_MoveF_MoveF_MoveF_TurnCCW_MoveF_MoveF_MoveF_MoveF_MoveF_MoveF_MoveF_MoveF_MoveF_MoveF_MoveF_MoveF_MoveF_MoveF_MoveF_MoveF_MoveF, canWorld
12x12, 31, 3735929054, custom-astar, 4.72, 576, 24, None, MoveF_MoveF_MoveF_MoveF_MoveF_MoveF_TurnCCW_MoveF_MoveF_MoveF_MoveF_MoveF_MoveF_MoveF_MoveF_MoveF_MoveF_MoveF_MoveF_MoveF_MoveF_MoveF_MoveF_MoveF, canWorld
12x12, 31, 195936467, bfs, 13.41, 1489, 28, None, MoveF_MoveF_MoveF_MoveF_MoveF_MoveF_MoveF_MoveF_MoveF_MoveF_MoveF_MoveF_MoveF_MoveF_MoveF_MoveF_MoveF_MoveF_MoveF_MoveF_TurnCCW_MoveF_MoveF_MoveF_MoveF_MoveF_MoveF_MoveF, canWorld
12x12, 31, 195936467, ucs, 12.22, 1379, 28, None, MoveF_MoveF_MoveF_MoveF_MoveF_MoveF_MoveF_MoveF_MoveF_MoveF_MoveF_MoveF_MoveF_MoveF_MoveF_MoveF_MoveF_MoveF_MoveF_MoveF_TurnCCW_MoveF_MoveF_MoveF_MoveF_MoveF_MoveF_MoveF, canWorld
12x12, 31, 195936467, gbfs, 0.18, 29, 28, None, MoveF_MoveF_MoveF_MoveF_MoveF_MoveF_MoveF_MoveF_MoveF_MoveF_MoveF_MoveF_MoveF_MoveF_MoveF_MoveF_MoveF_MoveF_MoveF_MoveF_TurnCCW_MoveF_MoveF_MoveF_MoveF_MoveF_MoveF_MoveF, canWorld
12x12, 31, 195936467, astar, 6.67, 789, 28, None, MoveF_MoveF_MoveF_MoveF_MoveF_MoveF_MoveF_MoveF_MoveF_MoveF_MoveF_MoveF_MoveF_MoveF_MoveF_MoveF_MoveF_MoveF_MoveF_MoveF_TurnCCW_MoveF_MoveF_MoveF_MoveF_MoveF_MoveF_MoveF, canWorld
12x12, 31, 195936467, custom-astar, 7.06, 828, 28, None, MoveF_MoveF_MoveF_MoveF_MoveF_MoveF_MoveF_MoveF_MoveF_MoveF_MoveF_MoveF_MoveF_MoveF_MoveF_MoveF_MoveF_MoveF_MoveF_MoveF_TurnCCW_MoveF_MoveF_MoveF_MoveF_MoveF_MoveF_MoveF, canWorld
12x12, 31, 20493, bfs, 25.50, 2722, 38, None, MoveF_MoveF_MoveF_MoveF_MoveF_MoveF_MoveF_MoveF_MoveF_MoveF_MoveF_MoveF_MoveF_MoveF_MoveF_MoveF_TurnCCW_MoveF_MoveF_MoveF_MoveF_MoveF_MoveF_MoveF_MoveF_MoveF_MoveF_MoveF_MoveF_MoveF_MoveF_MoveF_MoveF_MoveF_MoveF_MoveF_MoveF_MoveF, canWorld
12x12, 31, 20493, ucs, 31.10, 2590, 38, None, MoveF_MoveF_MoveF_MoveF_MoveF_MoveF_MoveF_MoveF_MoveF_MoveF_MoveF_MoveF_MoveF_MoveF_MoveF_MoveF_TurnCCW_MoveF_MoveF_MoveF_MoveF_MoveF_MoveF_MoveF_MoveF_MoveF_MoveF_MoveF_MoveF_MoveF_MoveF_MoveF_MoveF_MoveF_MoveF_MoveF_MoveF_MoveF, canWorld
12x12, 31, 20493, gbfs, 0.24, 39, 38, None, MoveF_MoveF_MoveF_MoveF_MoveF_MoveF_MoveF_MoveF_MoveF_MoveF_MoveF_MoveF_MoveF_MoveF_MoveF_MoveF_TurnCCW_MoveF_MoveF_MoveF_MoveF_MoveF_MoveF_MoveF_MoveF_MoveF_MoveF_MoveF_MoveF_MoveF_MoveF_MoveF_MoveF_MoveF_MoveF_MoveF_MoveF_MoveF, canWorld
12x12, 31, 20493, astar, 15.09, 1680, 38, None, MoveF_MoveF_MoveF_MoveF_MoveF_MoveF_MoveF_MoveF_MoveF_MoveF_MoveF_MoveF_MoveF_MoveF_MoveF_MoveF_TurnCCW_MoveF_MoveF_MoveF_MoveF_MoveF_MoveF_MoveF_MoveF_MoveF_MoveF_MoveF_MoveF_MoveF_MoveF_MoveF_MoveF_MoveF_MoveF_MoveF_MoveF_MoveF, canWorld
12x12, 31, 20493, custom-astar, 30.73, 1734, 38, None, MoveF_MoveF_MoveF_MoveF_MoveF_MoveF_MoveF_MoveF_MoveF_MoveF_MoveF_MoveF_MoveF_MoveF_MoveF_MoveF_TurnCCW_MoveF_MoveF_MoveF_MoveF_MoveF_MoveF_MoveF_MoveF_MoveF_MoveF_MoveF_MoveF_MoveF_MoveF_MoveF_MoveF_MoveF_MoveF_MoveF_MoveF_MoveF, canWorld
16x16, 0, 3735929054, bfs, 28.65, 3091, 40, None, MoveF_MoveF_MoveF_MoveF_MoveF_MoveF_MoveF_MoveF_MoveF_MoveF_MoveF_MoveF_MoveF_MoveF_MoveF_MoveF_MoveF_MoveF_MoveF_MoveF_MoveF_MoveF_MoveF_TurnCCW_MoveF_MoveF_MoveF_MoveF_MoveF_MoveF_MoveF_MoveF_MoveF_MoveF_MoveF_MoveF_MoveF_MoveF_MoveF_MoveF, canWorld
16x16, 0, 3735929054, ucs, 25.16, 2951, 40, None, MoveF_MoveF_MoveF_MoveF_MoveF_MoveF_MoveF_MoveF_MoveF_MoveF_MoveF_MoveF_MoveF_MoveF_MoveF_MoveF_MoveF_MoveF_MoveF_MoveF_MoveF_MoveF_MoveF_TurnCCW_MoveF_MoveF_MoveF_MoveF_MoveF_MoveF_MoveF_MoveF_MoveF_MoveF_MoveF_MoveF_MoveF_MoveF_MoveF_MoveF, canWorld
16x16, 0, 3735929054, gbfs, 0.25, 41, 40, None, MoveF_MoveF_MoveF_MoveF_MoveF_MoveF_MoveF_MoveF_MoveF_MoveF_MoveF_MoveF_MoveF_MoveF_MoveF_MoveF_MoveF_MoveF_MoveF_MoveF_MoveF_MoveF_MoveF_TurnCCW_MoveF_MoveF_MoveF_MoveF_MoveF_MoveF_MoveF_MoveF_MoveF_MoveF_MoveF_MoveF_MoveF_MoveF_MoveF_MoveF, canWorld
16x16, 0, 3735929054, astar, 15.65, 1906, 40, None, MoveF_MoveF_MoveF_MoveF_MoveF_MoveF_MoveF_MoveF_MoveF_MoveF_MoveF_MoveF_MoveF_MoveF_MoveF_MoveF_MoveF_MoveF_MoveF_MoveF_MoveF_MoveF_MoveF_TurnCCW_MoveF_MoveF_MoveF_MoveF_MoveF_MoveF_MoveF_MoveF_MoveF_MoveF_MoveF_MoveF_MoveF_MoveF_MoveF_MoveF, canWorld
16x16, 0, 3735929054, custom-astar, 16.63, 1980, 40, None, MoveF_MoveF_MoveF_MoveF_MoveF_MoveF_MoveF_MoveF_MoveF_MoveF_MoveF_MoveF_MoveF_MoveF_MoveF_MoveF_MoveF_MoveF_MoveF_MoveF_MoveF_MoveF_MoveF_TurnCCW_MoveF_MoveF_MoveF_MoveF_MoveF_MoveF_MoveF_MoveF_MoveF_MoveF_MoveF_MoveF_MoveF_MoveF_MoveF_MoveF, canWorld
16x16, 0, 195936467, bfs, 16.60, 1985, 32, None, MoveF_MoveF_MoveF_MoveF_MoveF_MoveF_MoveF_MoveF_MoveF_MoveF_MoveF_MoveF_MoveF_MoveF_MoveF_MoveF_MoveF_MoveF_MoveF_MoveF_MoveF_MoveF_MoveF_MoveF_MoveF_MoveF_MoveF_MoveF_MoveF_MoveF_TurnCCW_MoveF, canWorld
16x16, 0, 195936467, ucs, 15.39, 1840, 32, None, MoveF_MoveF_MoveF_MoveF_MoveF_MoveF_MoveF_MoveF_MoveF_MoveF_MoveF_MoveF_MoveF_MoveF_MoveF_MoveF_MoveF_MoveF_MoveF_MoveF_MoveF_MoveF_MoveF_MoveF_MoveF_MoveF_MoveF_MoveF_MoveF_MoveF_TurnCCW_MoveF, canWorld
16x16, 0, 195936467, gbfs, 0.19, 33, 32, None, MoveF_MoveF_MoveF_MoveF_MoveF_MoveF_MoveF_MoveF_MoveF_MoveF_MoveF_MoveF_MoveF_MoveF_MoveF_MoveF_MoveF_MoveF_MoveF_MoveF_MoveF_MoveF_MoveF_MoveF_MoveF_MoveF_MoveF_MoveF_MoveF_MoveF_TurnCCW_MoveF, canWorld
16x16, 0, 195936467, astar, 5.21, 667, 32, None, MoveF_MoveF_MoveF_MoveF_MoveF_MoveF_MoveF_MoveF_MoveF_MoveF_MoveF_MoveF_MoveF_MoveF_MoveF_MoveF_MoveF_MoveF_MoveF_MoveF_MoveF_MoveF_MoveF_MoveF_MoveF_MoveF_MoveF_MoveF_MoveF_MoveF_TurnCCW_MoveF, canWorld
16x16, 0, 195936467, custom-astar, 5.94, 765, 32, None, MoveF_MoveF_MoveF_MoveF_MoveF_MoveF_MoveF_MoveF_MoveF_MoveF_MoveF_MoveF_MoveF_MoveF_MoveF_MoveF_MoveF_MoveF_MoveF_MoveF_MoveF_MoveF_MoveF_MoveF_MoveF_MoveF_MoveF_MoveF_MoveF_MoveF_TurnCCW_MoveF, canWorld
16x16, 0, 20493, bfs, 17.59, 2057, 33, None, MoveF_MoveF_MoveF_TurnCCW_MoveF_MoveF_MoveF_MoveF_MoveF_MoveF_MoveF_MoveF_MoveF_MoveF_MoveF_MoveF_MoveF_MoveF_MoveF_MoveF_MoveF_MoveF_MoveF_MoveF_MoveF_MoveF_MoveF_MoveF_MoveF_MoveF_MoveF_MoveF_MoveF, canWorld
16x16, 0, 20493, ucs, 16.29, 1991, 33, None, MoveF_MoveF_MoveF_TurnCCW_MoveF_MoveF_MoveF_MoveF_MoveF_MoveF_MoveF_MoveF_MoveF_MoveF_MoveF_MoveF_MoveF_MoveF_MoveF_MoveF_MoveF_MoveF_MoveF_MoveF_MoveF_MoveF_MoveF_MoveF_MoveF_MoveF_MoveF_MoveF_MoveF, canWorld
16x16, 0, 20493, gbfs, 0.21, 34, 33, None, MoveF_MoveF_MoveF_TurnCCW_MoveF_MoveF_MoveF_MoveF_MoveF_MoveF_MoveF_MoveF_MoveF_MoveF_MoveF_MoveF_MoveF_MoveF_MoveF_MoveF_MoveF_MoveF_MoveF_MoveF_MoveF_MoveF_MoveF_MoveF_MoveF_MoveF_MoveF_MoveF_MoveF, canWorld
16x16, 0, 20493, astar, 6.60, 844, 33, None, MoveF_MoveF_MoveF_TurnCCW_MoveF_MoveF_MoveF_MoveF_MoveF_MoveF_MoveF_MoveF_MoveF_MoveF_MoveF_MoveF_MoveF_MoveF_MoveF_MoveF_MoveF_MoveF_MoveF_MoveF_MoveF_MoveF_MoveF_MoveF_MoveF_MoveF_MoveF_MoveF_MoveF, canWorld
16x16, 0, 20493, custom-astar, 7.31, 938, 33, None, MoveF_MoveF_MoveF_TurnCCW_MoveF_MoveF_MoveF_MoveF_MoveF_MoveF_MoveF_MoveF_MoveF_MoveF_MoveF_MoveF_MoveF_MoveF_MoveF_MoveF_MoveF_MoveF_MoveF_MoveF_MoveF_MoveF_MoveF_MoveF_MoveF_MoveF_MoveF_MoveF_MoveF, canWorld
16x16, 54, 3735929054, bfs, 34.01, 3334, 42, None, MoveF_MoveF_MoveF_MoveF_MoveF_MoveF_MoveF_MoveF_MoveF_MoveF_MoveF_MoveF_MoveF_MoveF_MoveF_MoveF_MoveF_MoveF_MoveF_MoveF_MoveF_MoveF_MoveF_MoveF_MoveF_MoveF_MoveF_TurnCCW_MoveF_MoveF_MoveF_MoveF_MoveF_MoveF_MoveF_MoveF_MoveF_MoveF_MoveF_MoveF_MoveF_MoveF, canWorld
16x16, 54, 3735929054, ucs, 33.69, 3154, 42, None, MoveF_MoveF_MoveF_MoveF_MoveF_MoveF_MoveF_MoveF_MoveF_MoveF_MoveF_MoveF_MoveF_MoveF_MoveF_MoveF_MoveF_MoveF_MoveF_MoveF_MoveF_MoveF_MoveF_MoveF_MoveF_MoveF_MoveF_TurnCCW_MoveF_MoveF_MoveF_MoveF_MoveF_MoveF_MoveF_MoveF_MoveF_MoveF_MoveF_MoveF_MoveF_MoveF, canWorld
16x16, 54, 3735929054, gbfs, 0.47, 43, 42, None, MoveF_MoveF_MoveF_MoveF_MoveF_MoveF_MoveF_MoveF_MoveF_MoveF_MoveF_MoveF_MoveF_MoveF_MoveF_MoveF_MoveF_MoveF_MoveF_MoveF_MoveF_MoveF_MoveF_MoveF_MoveF_MoveF_MoveF_TurnCCW_MoveF_MoveF_MoveF_MoveF_MoveF_MoveF_MoveF_MoveF_MoveF_MoveF_MoveF_MoveF_MoveF_MoveF, canWorld
16x16, 54, 3735929054, astar, 28.54, 1947, 42, None, MoveF_MoveF_MoveF_MoveF_MoveF_MoveF_MoveF_MoveF_MoveF_MoveF_MoveF_MoveF_MoveF_MoveF_MoveF_MoveF_MoveF_MoveF_MoveF_MoveF_MoveF_MoveF_MoveF_MoveF_MoveF_MoveF_MoveF_TurnCCW_MoveF_MoveF_MoveF_MoveF_MoveF_MoveF_MoveF_MoveF_MoveF_MoveF_MoveF_MoveF_MoveF_MoveF, canWorld
16x16, 54, 3735929054, custom-astar, 22.42, 2030, 42, None, MoveF_MoveF_MoveF_MoveF_MoveF_MoveF_MoveF_MoveF_MoveF_MoveF_MoveF_MoveF_MoveF_MoveF_MoveF_MoveF_MoveF_MoveF_MoveF_MoveF_MoveF_MoveF_MoveF_MoveF_MoveF_MoveF_MoveF_TurnCCW_MoveF_MoveF_MoveF_MoveF_MoveF_MoveF_MoveF_MoveF_MoveF_MoveF_MoveF_MoveF_MoveF_MoveF, canWorld
16x16, 54, 195936467, bfs, 14.26, 1304, 27, None, TurnCCW_MoveF_MoveF_MoveF_MoveF_MoveF_MoveF_MoveF_MoveF_MoveF_MoveF_MoveF_MoveF_MoveF_MoveF_MoveF_TurnCW_MoveF_MoveF_MoveF_MoveF_MoveF_MoveF_MoveF_MoveF_MoveF_MoveF, canWorld
16x16, 54, 195936467, ucs, 11.86, 1338, 27, None, MoveF_MoveF_MoveF_MoveF_MoveF_MoveF_MoveF_MoveF_MoveF_TurnCCW_MoveF_MoveF_MoveF_MoveF_MoveF_MoveF_MoveF_MoveF_MoveF_MoveF_MoveF_MoveF_MoveF_MoveF_MoveF_TurnCW_MoveF, canWorld
16x16, 54, 195936467, gbfs, 0.29, 40, 31, None, MoveF_MoveF_MoveF_MoveF_MoveF_MoveF_MoveF_MoveF_MoveF_MoveF_TurnCCW_MoveF_MoveF_MoveF_MoveF_MoveF_MoveF_MoveF_MoveF_MoveF_MoveF_MoveF_MoveF_TurnCW_MoveF_TurnCCW_MoveF_MoveF_MoveF_TurnCCW_MoveF, canWorld
16x16, 54, 195936467, astar, 7.72, 885, 27, None, MoveF_MoveF_MoveF_MoveF_MoveF_MoveF_MoveF_MoveF_MoveF_TurnCCW_MoveF_MoveF_MoveF_MoveF_MoveF_MoveF_MoveF_MoveF_MoveF_MoveF_MoveF_MoveF_MoveF_MoveF_MoveF_TurnCW_MoveF, canWorld
16x16, 54, 195936467, custom-astar, 7.97, 928, 27, None, MoveF_MoveF_MoveF_MoveF_MoveF_MoveF_MoveF_MoveF_MoveF_TurnCCW_MoveF_MoveF_MoveF_MoveF_MoveF_MoveF_MoveF_MoveF_MoveF_MoveF_MoveF_MoveF_MoveF_MoveF_MoveF_TurnCW_MoveF, canWorld
16x16, 54, 20493, bfs, 9.50, 1048, 24, None, MoveF_MoveF_MoveF_MoveF_MoveF_MoveF_MoveF_MoveF_MoveF_MoveF_MoveF_MoveF_MoveF_MoveF_MoveF_MoveF_MoveF_TurnCCW_MoveF_MoveF_MoveF_MoveF_MoveF_MoveF, canWorld
16x16, 54, 20493, ucs, 8.44, 926, 24, None, MoveF_MoveF_MoveF_MoveF_MoveF_MoveF_MoveF_MoveF_MoveF_MoveF_MoveF_MoveF_MoveF_MoveF_MoveF_MoveF_MoveF_TurnCCW_MoveF_MoveF_MoveF_MoveF_MoveF_MoveF, canWorld
16x16, 54, 20493, gbfs, 0.17, 25, 24, None, MoveF_MoveF_MoveF_MoveF_MoveF_MoveF_MoveF_MoveF_MoveF_MoveF_MoveF_MoveF_MoveF_MoveF_MoveF_MoveF_MoveF_TurnCCW_MoveF_MoveF_MoveF_MoveF_MoveF_MoveF, canWorld
16x16, 54, 20493, astar, 4.41, 534, 24, None, MoveF_MoveF_MoveF_MoveF_MoveF_MoveF_MoveF_MoveF_MoveF_MoveF_MoveF_MoveF_MoveF_MoveF_MoveF_MoveF_MoveF_TurnCCW_MoveF_MoveF_MoveF_MoveF_MoveF_MoveF, canWorld
16x16, 54, 20493, custom-astar, 4.85, 558, 24, None, MoveF_MoveF_MoveF_MoveF_MoveF_MoveF_MoveF_MoveF_MoveF_MoveF_MoveF_MoveF_MoveF_MoveF_MoveF_MoveF_MoveF_TurnCCW_MoveF_MoveF_MoveF_MoveF_MoveF_MoveF, canWorld
3x6, 0, 3735929054, bfs, 4.36, 472, 25, None, MoveF_TurnCCW_MoveF_MoveF_TurnCW_MoveF_MoveF_TurnCCW_MoveF_MoveF_MoveF_MoveF_MoveF_MoveF_MoveF_MoveF_MoveF_MoveF_TurnCCW_MoveF_MoveF_TurnCW_MoveF_MoveF_MoveF, cafeWorld
3x6, 0, 3735929054, ucs, 4.49, 492, 25, None, MoveF_TurnCCW_MoveF_MoveF_MoveF_MoveF_MoveF_MoveF_MoveF_MoveF_MoveF_TurnCW_MoveF_MoveF_TurnCCW_MoveF_MoveF_MoveF_TurnCCW_MoveF_MoveF_TurnCW_MoveF_MoveF_MoveF, cafeWorld
3x6, 0, 3735929054, gbfs, 0.34, 43, 27, None, MoveF_TurnCCW_MoveF_MoveF_MoveF_MoveF_MoveF_MoveF_MoveF_MoveF_MoveF_TurnCW_MoveF_TurnCCW_MoveF_TurnCW_MoveF_TurnCCW_MoveF_MoveF_TurnCCW_MoveF_MoveF_TurnCW_MoveF_MoveF_MoveF, cafeWorld
3x6, 0, 3735929054, astar, 3.75, 425, 25, None, MoveF_TurnCCW_MoveF_MoveF_MoveF_MoveF_MoveF_MoveF_MoveF_MoveF_MoveF_TurnCW_MoveF_MoveF_TurnCCW_MoveF_MoveF_MoveF_TurnCCW_MoveF_MoveF_TurnCW_MoveF_MoveF_MoveF, cafeWorld
3x6, 0, 3735929054, custom-astar, 3.86, 435, 25, None, MoveF_TurnCCW_MoveF_MoveF_MoveF_MoveF_MoveF_MoveF_MoveF_MoveF_MoveF_TurnCW_MoveF_MoveF_TurnCCW_MoveF_MoveF_MoveF_TurnCCW_MoveF_MoveF_TurnCW_MoveF_MoveF_MoveF, cafeWorld
3x6, 0, 195936467, bfs, 4.70, 443, 24, None, MoveF_TurnCCW_MoveF_MoveF_TurnCW_MoveF_MoveF_TurnCCW_MoveF_MoveF_MoveF_MoveF_MoveF_MoveF_MoveF_MoveF_MoveF_MoveF_TurnCCW_MoveF_TurnCW_MoveF_MoveF_MoveF, cafeWorld
3x6, 0, 195936467, ucs, 5.52, 471, 24, None, MoveF_TurnCCW_MoveF_MoveF_MoveF_MoveF_MoveF_MoveF_MoveF_MoveF_MoveF_TurnCW_MoveF_MoveF_TurnCCW_MoveF_MoveF_MoveF_TurnCCW_MoveF_TurnCW_MoveF_MoveF_MoveF, cafeWorld
3x6, 0, 195936467, gbfs, 0.29, 38, 26, None, MoveF_TurnCCW_MoveF_MoveF_MoveF_MoveF_MoveF_MoveF_MoveF_MoveF_MoveF_TurnCW_MoveF_TurnCCW_MoveF_TurnCW_MoveF_TurnCCW_MoveF_MoveF_TurnCCW_MoveF_TurnCW_MoveF_MoveF_MoveF, cafeWorld
3x6, 0, 195936467, astar, 3.66, 408, 24, None, MoveF_TurnCCW_MoveF_MoveF_MoveF_MoveF_MoveF_MoveF_MoveF_MoveF_MoveF_TurnCW_MoveF_MoveF_TurnCCW_MoveF_MoveF_MoveF_TurnCCW_MoveF_TurnCW_MoveF_MoveF_MoveF, cafeWorld
3x6, 0, 195936467, custom-astar, 4.13, 418, 24, None, MoveF_TurnCCW_MoveF_MoveF_MoveF_MoveF_MoveF_MoveF_MoveF_MoveF_MoveF_TurnCW_MoveF_MoveF_TurnCCW_MoveF_MoveF_MoveF_TurnCCW_MoveF_TurnCW_MoveF_MoveF_MoveF, cafeWorld
3x6, 0, 20493, bfs, 5.30, 472, 25, None, MoveF_TurnCCW_MoveF_MoveF_TurnCW_MoveF_MoveF_TurnCCW_MoveF_MoveF_MoveF_MoveF_MoveF_MoveF_MoveF_MoveF_MoveF_MoveF_TurnCCW_MoveF_MoveF_TurnCW_MoveF_MoveF_MoveF, cafeWorld
3x6, 0, 20493, ucs, 6.33, 492, 25, None, MoveF_TurnCCW_MoveF_MoveF_MoveF_MoveF_MoveF_MoveF_MoveF_MoveF_MoveF_TurnCW_MoveF_MoveF_TurnCCW_MoveF_MoveF_MoveF_TurnCCW_MoveF_MoveF_TurnCW_MoveF_MoveF_MoveF, cafeWorld
3x6, 0, 20493, gbfs, 0.40, 43, 27, None, MoveF_TurnCCW_MoveF_MoveF_MoveF_MoveF_MoveF_MoveF_MoveF_MoveF_MoveF_TurnCW_MoveF_TurnCCW_MoveF_TurnCW_MoveF_TurnCCW_MoveF_MoveF_TurnCCW_MoveF_MoveF_TurnCW_MoveF_MoveF_MoveF, cafeWorld
3x6, 0, 20493, astar, 5.32, 425, 25, None, MoveF_TurnCCW_MoveF_MoveF_MoveF_MoveF_MoveF_MoveF_MoveF_MoveF_MoveF_TurnCW_MoveF_MoveF_TurnCCW_MoveF_MoveF_MoveF_TurnCCW_MoveF_MoveF_TurnCW_MoveF_MoveF_MoveF, cafeWorld
3x6, 0, 20493, custom-astar, 5.65, 435, 25, None, MoveF_TurnCCW_MoveF_MoveF_MoveF_MoveF_MoveF_MoveF_MoveF_MoveF_MoveF_TurnCW_MoveF_MoveF_TurnCCW_MoveF_MoveF_MoveF_TurnCCW_MoveF_MoveF_TurnCW_MoveF_MoveF_MoveF, cafeWorld
3x6, 1, 3735929054, bfs, 4.81, 452, 25, None, MoveF_TurnCCW_MoveF_MoveF_MoveF_MoveF_TurnCW_MoveF_MoveF_TurnCCW_MoveF_MoveF_MoveF_MoveF_MoveF_MoveF_MoveF_MoveF_TurnCCW_MoveF_MoveF_TurnCW_MoveF_MoveF_MoveF, cafeWorld
3x6, 1, 3735929054, ucs, 5.71, 472, 25, None, MoveF_TurnCCW_MoveF_MoveF_MoveF_MoveF_MoveF_MoveF_MoveF_MoveF_MoveF_TurnCW_MoveF_MoveF_TurnCCW_MoveF_MoveF_MoveF_TurnCCW_MoveF_MoveF_TurnCW_MoveF_MoveF_MoveF, cafeWorld
3x6, 1, 3735929054, gbfs, 0.32, 43, 27, None, MoveF_TurnCCW_MoveF_MoveF_MoveF_MoveF_MoveF_MoveF_MoveF_MoveF_MoveF_TurnCW_MoveF_TurnCCW_MoveF_TurnCW_MoveF_TurnCCW_MoveF_MoveF_TurnCCW_MoveF_MoveF_TurnCW_MoveF_MoveF_MoveF, cafeWorld
3x6, 1, 3735929054, astar, 3.33, 399, 25, None, MoveF_TurnCCW_MoveF_MoveF_MoveF_MoveF_MoveF_MoveF_MoveF_MoveF_MoveF_TurnCW_MoveF_MoveF_TurnCCW_MoveF_MoveF_MoveF_TurnCCW_MoveF_MoveF_TurnCW_MoveF_MoveF_MoveF, cafeWorld
3x6, 1, 3735929054, custom-astar, 3.96, 414, 25, None, MoveF_TurnCCW_MoveF_MoveF_MoveF_MoveF_MoveF_MoveF_MoveF_MoveF_MoveF_TurnCW_MoveF_MoveF_TurnCCW_MoveF_MoveF_MoveF_TurnCCW_MoveF_MoveF_TurnCW_MoveF_MoveF_MoveF, cafeWorld
3x6, 1, 195936467, bfs, 5.56, 452, 25, None, MoveF_TurnCCW_MoveF_MoveF_MoveF_MoveF_TurnCW_MoveF_MoveF_TurnCCW_MoveF_MoveF_MoveF_MoveF_MoveF_MoveF_MoveF_MoveF_TurnCCW_MoveF_MoveF_TurnCW_MoveF_MoveF_MoveF, cafeWorld
3x6, 1, 195936467, ucs, 4.48, 472, 25, None, MoveF_TurnCCW_MoveF_MoveF_MoveF_MoveF_MoveF_MoveF_MoveF_MoveF_MoveF_TurnCW_MoveF_MoveF_TurnCCW_MoveF_MoveF_MoveF_TurnCCW_MoveF_MoveF_TurnCW_MoveF_MoveF_MoveF, cafeWorld
3x6, 1, 195936467, gbfs, 0.32, 43, 27, None, MoveF_TurnCCW_MoveF_MoveF_MoveF_MoveF_MoveF_MoveF_MoveF_MoveF_MoveF_TurnCW_MoveF_TurnCCW_MoveF_TurnCW_MoveF_TurnCCW_MoveF_MoveF_TurnCCW_MoveF_MoveF_TurnCW_MoveF_MoveF_MoveF, cafeWorld
3x6, 1, 195936467, astar, 3.81, 399, 25, None, MoveF_TurnCCW_MoveF_MoveF_MoveF_MoveF_MoveF_MoveF_MoveF_MoveF_MoveF_TurnCW_MoveF_MoveF_TurnCCW_MoveF_MoveF_MoveF_TurnCCW_MoveF_MoveF_TurnCW_MoveF_MoveF_MoveF, cafeWorld
3x6, 1, 195936467, custom-astar, 3.59, 414, 25, None, MoveF_TurnCCW_MoveF_MoveF_MoveF_MoveF_MoveF_MoveF_MoveF_MoveF_MoveF_TurnCW_MoveF_MoveF_TurnCCW_MoveF_MoveF_MoveF_TurnCCW_MoveF_MoveF_TurnCW_MoveF_MoveF_MoveF, cafeWorld
3x6, 1, 20493, bfs, 4.54, 481, 27, None, MoveF_TurnCCW_MoveF_MoveF_TurnCW_MoveF_MoveF_MoveF_TurnCCW_MoveF_MoveF_MoveF_MoveF_MoveF_MoveF_MoveF_MoveF_MoveF_MoveF_TurnCCW_MoveF_MoveF_MoveF_TurnCW_MoveF_MoveF_MoveF, cafeWorld
3x6, 1, 20493, ucs, 4.65, 500, 27, None, MoveF_TurnCCW_MoveF_MoveF_MoveF_MoveF_MoveF_MoveF_MoveF_TurnCW_MoveF_MoveF_MoveF_TurnCCW_MoveF_MoveF_MoveF_MoveF_MoveF_TurnCCW_MoveF_MoveF_MoveF_TurnCW_MoveF_MoveF_MoveF, cafeWorld
3x6, 1, 20493, gbfs, 0.70, 89, 27, None, MoveF_TurnCCW_MoveF_MoveF_MoveF_MoveF_MoveF_MoveF_MoveF_TurnCW_MoveF_MoveF_MoveF_TurnCCW_MoveF_MoveF_MoveF_MoveF_MoveF_TurnCCW_MoveF_MoveF_MoveF_TurnCW_MoveF_MoveF_MoveF, cafeWorld
3x6, 1, 20493, astar, 3.86, 444, 27, None, MoveF_TurnCCW_MoveF_MoveF_MoveF_MoveF_MoveF_MoveF_MoveF_TurnCW_MoveF_MoveF_MoveF_TurnCCW_MoveF_MoveF_MoveF_MoveF_MoveF_TurnCCW_MoveF_MoveF_MoveF_TurnCW_MoveF_MoveF_MoveF, cafeWorld
3x6, 1, 20493, custom-astar, 6.15, 448, 27, None, MoveF_TurnCCW_MoveF_MoveF_MoveF_MoveF_MoveF_MoveF_MoveF_TurnCW_MoveF_MoveF_MoveF_TurnCCW_MoveF_MoveF_MoveF_MoveF_MoveF_TurnCCW_MoveF_MoveF_MoveF_TurnCW_MoveF_MoveF_MoveF, cafeWorld
3x6, 2, 3735929054, bfs, 5.77, 407, 24, None, MoveF_TurnCCW_MoveF_MoveF_MoveF_MoveF_TurnCW_MoveF_MoveF_TurnCCW_MoveF_MoveF_MoveF_MoveF_MoveF_MoveF_MoveF_MoveF_TurnCCW_MoveF_TurnCW_MoveF_MoveF_MoveF, cafeWorld
3x6, 2, 3735929054, ucs, 7.01, 435, 24, None, MoveF_TurnCCW_MoveF_MoveF_MoveF_MoveF_MoveF_MoveF_MoveF_MoveF_MoveF_TurnCW_MoveF_MoveF_TurnCCW_MoveF_MoveF_MoveF_TurnCCW_MoveF_TurnCW_MoveF_MoveF_MoveF, cafeWorld
3x6, 2, 3735929054, gbfs, 0.52, 38, 26, None, MoveF_TurnCCW_MoveF_MoveF_MoveF_MoveF_MoveF_MoveF_MoveF_MoveF_MoveF_TurnCW_MoveF_TurnCCW_MoveF_TurnCW_MoveF_TurnCCW_MoveF_MoveF_TurnCCW_MoveF_TurnCW_MoveF_MoveF_MoveF, cafeWorld
3x6, 2, 3735929054, astar, 5.00, 366, 24, None, MoveF_TurnCCW_MoveF_MoveF_MoveF_MoveF_MoveF_MoveF_MoveF_MoveF_MoveF_TurnCW_MoveF_MoveF_TurnCCW_MoveF_MoveF_MoveF_TurnCCW_MoveF_TurnCW_MoveF_MoveF_MoveF, cafeWorld
3x6, 2, 3735929054, custom-astar, 5.54, 378, 24, None, MoveF_TurnCCW_MoveF_MoveF_MoveF_MoveF_MoveF_MoveF_MoveF_MoveF_MoveF_TurnCW_MoveF_MoveF_TurnCCW_MoveF_MoveF_MoveF_TurnCCW_MoveF_TurnCW_MoveF_MoveF_MoveF, cafeWorld
3x6, 2, 195936467, bfs, 5.53, 403, 24, None, MoveF_TurnCCW_MoveF_MoveF_MoveF_MoveF_TurnCW_MoveF_MoveF_TurnCCW_MoveF_MoveF_MoveF_MoveF_MoveF_MoveF_MoveF_MoveF_TurnCCW_MoveF_TurnCW_MoveF_MoveF_MoveF, cafeWorld
3x6, 2, 195936467, ucs, 4.97, 421, 24, None, MoveF_TurnCCW_MoveF_MoveF_MoveF_MoveF_MoveF_MoveF_MoveF_MoveF_MoveF_TurnCW_MoveF_MoveF_TurnCCW_MoveF_MoveF_MoveF_TurnCCW_MoveF_TurnCW_MoveF_MoveF_MoveF, cafeWorld
3x6, 2, 195936467, gbfs, 0.26, 38, 26, None, MoveF_TurnCCW_MoveF_MoveF_MoveF_MoveF_MoveF_MoveF_MoveF_MoveF_MoveF_TurnCW_MoveF_TurnCCW_MoveF_TurnCW_MoveF_TurnCCW_MoveF_MoveF_TurnCCW_MoveF_TurnCW_MoveF_MoveF_MoveF, cafeWorld
3x6, 2, 195936467, astar, 2.92, 357, 24, None, MoveF_TurnCCW_MoveF_MoveF_MoveF_MoveF_MoveF_MoveF_MoveF_MoveF_MoveF_TurnCW_MoveF_MoveF_TurnCCW_MoveF_MoveF_MoveF_TurnCCW_MoveF_TurnCW_MoveF_MoveF_MoveF, cafeWorld
3x6, 2, 195936467, custom-astar, 3.05, 364, 24, None, MoveF_TurnCCW_MoveF_MoveF_MoveF_MoveF_MoveF_MoveF_MoveF_MoveF_MoveF_TurnCW_MoveF_MoveF_TurnCCW_MoveF_MoveF_MoveF_TurnCCW_MoveF_TurnCW_MoveF_MoveF_MoveF, cafeWorld
3x6, 2, 20493, bfs, 4.03, 460, 27, None, MoveF_TurnCCW_MoveF_MoveF_TurnCW_MoveF_MoveF_MoveF_TurnCCW_MoveF_MoveF_MoveF_MoveF_MoveF_MoveF_MoveF_MoveF_MoveF_MoveF_TurnCCW_MoveF_MoveF_MoveF_TurnCW_MoveF_MoveF_MoveF, cafeWorld
3x6, 2, 20493, ucs, 4.03, 465, 27, None, MoveF_TurnCCW_MoveF_MoveF_MoveF_MoveF_MoveF_MoveF_MoveF_TurnCW_MoveF_MoveF_MoveF_TurnCCW_MoveF_MoveF_MoveF_MoveF_MoveF_TurnCCW_MoveF_MoveF_MoveF_TurnCW_MoveF_MoveF_MoveF, cafeWorld
3x6, 2, 20493, gbfs, 0.71, 89, 27, None, MoveF_TurnCCW_MoveF_MoveF_MoveF_MoveF_MoveF_MoveF_MoveF_TurnCW_MoveF_MoveF_MoveF_TurnCCW_MoveF_MoveF_MoveF_MoveF_MoveF_TurnCCW_MoveF_MoveF_MoveF_TurnCW_MoveF_MoveF_MoveF, cafeWorld
3x6, 2, 20493, astar, 3.37, 405, 27, None, MoveF_TurnCCW_MoveF_MoveF_MoveF_MoveF_MoveF_MoveF_MoveF_TurnCW_MoveF_MoveF_MoveF_TurnCCW_MoveF_MoveF_MoveF_MoveF_MoveF_TurnCCW_MoveF_MoveF_MoveF_TurnCW_MoveF_MoveF_MoveF, cafeWorld
3x6, 2, 20493, custom-astar, 3.45, 414, 27, None, MoveF_TurnCCW_MoveF_MoveF_MoveF_MoveF_MoveF_MoveF_MoveF_TurnCW_MoveF_MoveF_MoveF_TurnCCW_MoveF_MoveF_MoveF_MoveF_MoveF_TurnCCW_MoveF_MoveF_MoveF_TurnCW_MoveF_MoveF_MoveF, cafeWorld
3x6, 4, 3735929054, bfs, 3.70, 424, 27, None, MoveF_TurnCCW_MoveF_MoveF_MoveF_MoveF_TurnCW_MoveF_MoveF_MoveF_TurnCCW_MoveF_MoveF_MoveF_MoveF_MoveF_MoveF_MoveF_MoveF_TurnCCW_MoveF_MoveF_MoveF_TurnCW_MoveF_MoveF_MoveF, cafeWorld
3x6, 4, 3735929054, ucs, 3.75, 429, 27, None, MoveF_TurnCCW_MoveF_MoveF_MoveF_MoveF_MoveF_MoveF_MoveF_TurnCW_MoveF_MoveF_MoveF_TurnCCW_MoveF_MoveF_MoveF_MoveF_MoveF_TurnCCW_MoveF_MoveF_MoveF_TurnCW_MoveF_MoveF_MoveF, cafeWorld
3x6, 4, 3735929054, gbfs, 0.69, 89, 27, None, MoveF_TurnCCW_MoveF_MoveF_MoveF_MoveF_MoveF_MoveF_MoveF_TurnCW_MoveF_MoveF_MoveF_TurnCCW_MoveF_MoveF_MoveF_MoveF_MoveF_TurnCCW_MoveF_MoveF_MoveF_TurnCW_MoveF_MoveF_MoveF, cafeWorld
3x6, 4, 3735929054, astar, 3.03, 369, 27, None, MoveF_TurnCCW_MoveF_MoveF_MoveF_MoveF_MoveF_MoveF_MoveF_TurnCW_MoveF_MoveF_MoveF_TurnCCW_MoveF_MoveF_MoveF_MoveF_MoveF_TurnCCW_MoveF_MoveF_MoveF_TurnCW_MoveF_MoveF_MoveF, cafeWorld
3x6, 4, 3735929054, custom-astar, 3.15, 378, 27, None, MoveF_TurnCCW_MoveF_MoveF_MoveF_MoveF_MoveF_MoveF_MoveF_TurnCW_MoveF_MoveF_MoveF_TurnCCW_MoveF_MoveF_MoveF_MoveF_MoveF_TurnCCW_MoveF_MoveF_MoveF_TurnCW_MoveF_MoveF_MoveF, cafeWorld
3x6, 4, 195936467, bfs, 3.45, 382, 25, None, MoveF_TurnCCW_MoveF_MoveF_MoveF_MoveF_TurnCW_MoveF_MoveF_TurnCCW_MoveF_MoveF_MoveF_MoveF_MoveF_MoveF_MoveF_MoveF_TurnCCW_MoveF_MoveF_TurnCW_MoveF_MoveF_MoveF, cafeWorld
3x6, 4, 195936467, ucs, 3.21, 375, 25, None, MoveF_TurnCCW_MoveF_MoveF_MoveF_MoveF_MoveF_MoveF_MoveF_MoveF_MoveF_TurnCW_MoveF_MoveF_TurnCCW_MoveF_MoveF_MoveF_TurnCCW_MoveF_MoveF_TurnCW_MoveF_MoveF_MoveF, cafeWorld
3x6, 4, 195936467, gbfs, 0.31, 43, 27, None, MoveF_TurnCCW_MoveF_MoveF_MoveF_MoveF_MoveF_MoveF_MoveF_MoveF_MoveF_TurnCW_MoveF_TurnCCW_MoveF_TurnCW_MoveF_TurnCCW_MoveF_MoveF_TurnCCW_MoveF_MoveF_TurnCW_MoveF_MoveF_MoveF, cafeWorld
3x6, 4, 195936467, astar, 2.66, 316, 25, None, MoveF_TurnCCW_MoveF_MoveF_MoveF_MoveF_MoveF_MoveF_MoveF_MoveF_MoveF_TurnCW_MoveF_MoveF_TurnCCW_MoveF_MoveF_MoveF_TurnCCW_MoveF_MoveF_TurnCW_MoveF_MoveF_MoveF, cafeWorld
3x6, 4, 195936467, custom-astar, 2.73, 324, 25, None, MoveF_TurnCCW_MoveF_MoveF_MoveF_MoveF_MoveF_MoveF_MoveF_MoveF_MoveF_TurnCW_MoveF_MoveF_TurnCCW_MoveF_MoveF_MoveF_TurnCCW_MoveF_MoveF_TurnCW_MoveF_MoveF_MoveF, cafeWorld
3x6, 4, 20493, bfs, 3.63, 420, 27, None, MoveF_TurnCCW_MoveF_MoveF_MoveF_MoveF_TurnCW_MoveF_MoveF_MoveF_TurnCCW_MoveF_MoveF_MoveF_MoveF_MoveF_MoveF_MoveF_MoveF_TurnCCW_MoveF_MoveF_MoveF_TurnCW_MoveF_MoveF_MoveF, cafeWorld
3x6, 4, 20493, ucs, 3.66, 425, 27, None, MoveF_TurnCCW_MoveF_MoveF_MoveF_MoveF_MoveF_MoveF_MoveF_TurnCW_MoveF_MoveF_MoveF_TurnCCW_MoveF_MoveF_MoveF_MoveF_MoveF_TurnCCW_MoveF_MoveF_MoveF_TurnCW_MoveF_MoveF_MoveF, cafeWorld
3x6, 4, 20493, gbfs, 0.69, 89, 27, None, MoveF_TurnCCW_MoveF_MoveF_MoveF_MoveF_MoveF_MoveF_MoveF_TurnCW_MoveF_MoveF_MoveF_TurnCCW_MoveF_MoveF_MoveF_MoveF_MoveF_TurnCCW_MoveF_MoveF_MoveF_TurnCW_MoveF_MoveF_MoveF, cafeWorld
3x6, 4, 20493, astar, 3.00, 365, 27, None, MoveF_TurnCCW_MoveF_MoveF_MoveF_MoveF_MoveF_MoveF_MoveF_TurnCW_MoveF_MoveF_MoveF_TurnCCW_MoveF_MoveF_MoveF_MoveF_MoveF_TurnCCW_MoveF_MoveF_MoveF_TurnCW_MoveF_MoveF_MoveF, cafeWorld
3x6, 4, 20493, custom-astar, 3.11, 374, 27, None, MoveF_TurnCCW_MoveF_MoveF_MoveF_MoveF_MoveF_MoveF_MoveF_TurnCW_MoveF_MoveF_MoveF_TurnCCW_MoveF_MoveF_MoveF_MoveF_MoveF_TurnCCW_MoveF_MoveF_MoveF_TurnCW_MoveF_MoveF_MoveF, cafeWorld
